E(P(A)),E(P(B)),algorithm,score
0.1,0.1,Greedy,0.08
0.1,0.1,EpsilonGreedy,0.1208
0.1,0.1,UCB,0.091208
0.1,0.1,ThompsonSampling,0.13091208
0.1,0.1,Greedy,0.13
0.1,0.1,EpsilonGreedy,0.1613
0.1,0.1,UCB,0.091613
0.1,0.1,ThompsonSampling,0.10091612999999999
0.1,0.1,Greedy,0.11
0.1,0.1,EpsilonGreedy,0.1011
0.1,0.1,UCB,0.121011
0.1,0.1,ThompsonSampling,0.11121010999999999
0.1,0.1,Greedy,0.11
0.1,0.1,EpsilonGreedy,0.1011
0.1,0.1,UCB,0.11101099999999998
0.1,0.1,ThompsonSampling,0.13111011
0.1,0.1,Greedy,0.08
0.1,0.1,EpsilonGreedy,0.17079999999999998
0.1,0.1,UCB,0.091708
0.1,0.1,ThompsonSampling,0.15091708
0.1,0.2,Greedy,0.13
0.1,0.2,EpsilonGreedy,0.1313
0.1,0.2,UCB,0.12131299999999999
0.1,0.2,ThompsonSampling,0.19121313
0.1,0.2,Greedy,0.07
0.1,0.2,EpsilonGreedy,0.23070000000000002
0.1,0.2,UCB,0.19230699999999998
0.1,0.2,ThompsonSampling,0.11192307
0.1,0.2,Greedy,0.1
0.1,0.2,EpsilonGreedy,0.171
0.1,0.2,UCB,0.18170999999999998
0.1,0.2,ThompsonSampling,0.1718171
0.1,0.2,Greedy,0.11
0.1,0.2,EpsilonGreedy,0.1211
0.1,0.2,UCB,0.161211
0.1,0.2,ThompsonSampling,0.18161211000000002
0.1,0.2,Greedy,0.1
0.1,0.2,EpsilonGreedy,0.091
0.1,0.2,UCB,0.14091
0.1,0.2,ThompsonSampling,0.12140909999999999
0.1,0.30000000000000004,Greedy,0.16
0.1,0.30000000000000004,EpsilonGreedy,0.1716
0.1,0.30000000000000004,UCB,0.23171599999999998
0.1,0.30000000000000004,ThompsonSampling,0.28231716
0.1,0.30000000000000004,Greedy,0.08
0.1,0.30000000000000004,EpsilonGreedy,0.17079999999999998
0.1,0.30000000000000004,UCB,0.241708
0.1,0.30000000000000004,ThompsonSampling,0.27241708
0.1,0.30000000000000004,Greedy,0.14
0.1,0.30000000000000004,EpsilonGreedy,0.1014
0.1,0.30000000000000004,UCB,0.301014
0.1,0.30000000000000004,ThompsonSampling,0.38301014
0.1,0.30000000000000004,Greedy,0.17
0.1,0.30000000000000004,EpsilonGreedy,0.3017
0.1,0.30000000000000004,UCB,0.283017
0.1,0.30000000000000004,ThompsonSampling,0.22283017000000002
0.1,0.30000000000000004,Greedy,0.13
0.1,0.30000000000000004,EpsilonGreedy,0.1113
0.1,0.30000000000000004,UCB,0.331113
0.1,0.30000000000000004,ThompsonSampling,0.29331113000000003
0.1,0.4,Greedy,0.09
0.1,0.4,EpsilonGreedy,0.41090000000000004
0.1,0.4,UCB,0.31410899999999997
0.1,0.4,ThompsonSampling,0.31314109
0.1,0.4,Greedy,0.12
0.1,0.4,EpsilonGreedy,0.31120000000000003
0.1,0.4,UCB,0.313112
0.1,0.4,ThompsonSampling,0.42313112
0.1,0.4,Greedy,0.08
0.1,0.4,EpsilonGreedy,0.3508
0.1,0.4,UCB,0.373508
0.1,0.4,ThompsonSampling,0.38373508
0.1,0.4,Greedy,0.1
0.1,0.4,EpsilonGreedy,0.21100000000000002
0.1,0.4,UCB,0.43211
0.1,0.4,ThompsonSampling,0.4043211
0.1,0.4,Greedy,0.1
0.1,0.4,EpsilonGreedy,0.231
0.1,0.4,UCB,0.36231
0.1,0.4,ThompsonSampling,0.3536231
0.1,0.5,Greedy,0.18
0.1,0.5,EpsilonGreedy,0.4618
0.1,0.5,UCB,0.464618
0.1,0.5,ThompsonSampling,0.54464618
0.1,0.5,Greedy,0.07
0.1,0.5,EpsilonGreedy,0.37070000000000003
0.1,0.5,UCB,0.483707
0.1,0.5,ThompsonSampling,0.51483707
0.1,0.5,Greedy,0.06
0.1,0.5,EpsilonGreedy,0.37060000000000004
0.1,0.5,UCB,0.42370599999999997
0.1,0.5,ThompsonSampling,0.59423706
0.1,0.5,Greedy,0.08
0.1,0.5,EpsilonGreedy,0.1008
0.1,0.5,UCB,0.491008
0.1,0.5,ThompsonSampling,0.44491008
0.1,0.5,Greedy,0.12
0.1,0.5,EpsilonGreedy,0.45120000000000005
0.1,0.5,UCB,0.384512
0.1,0.5,ThompsonSampling,0.44384512
0.1,0.6000000000000001,Greedy,0.14
0.1,0.6000000000000001,EpsilonGreedy,0.4214
0.1,0.6000000000000001,UCB,0.5042139999999999
0.1,0.6000000000000001,ThompsonSampling,0.48504214000000007
0.1,0.6000000000000001,Greedy,0.1
0.1,0.6000000000000001,EpsilonGreedy,0.321
0.1,0.6000000000000001,UCB,0.65321
0.1,0.6000000000000001,ThompsonSampling,0.5765321
0.1,0.6000000000000001,Greedy,0.1
0.1,0.6000000000000001,EpsilonGreedy,0.511
0.1,0.6000000000000001,UCB,0.57511
0.1,0.6000000000000001,ThompsonSampling,0.5157511
0.1,0.6000000000000001,Greedy,0.14
0.1,0.6000000000000001,EpsilonGreedy,0.5414
0.1,0.6000000000000001,UCB,0.6154139999999999
0.1,0.6000000000000001,ThompsonSampling,0.50615414
0.1,0.6000000000000001,Greedy,0.12
0.1,0.6000000000000001,EpsilonGreedy,0.37120000000000003
0.1,0.6000000000000001,UCB,0.6437120000000001
0.1,0.6000000000000001,ThompsonSampling,0.59643712
0.1,0.7000000000000001,Greedy,0.08
0.1,0.7000000000000001,EpsilonGreedy,0.6308
0.1,0.7000000000000001,UCB,0.6763079999999999
0.1,0.7000000000000001,ThompsonSampling,0.72676308
0.1,0.7000000000000001,Greedy,0.06
0.1,0.7000000000000001,EpsilonGreedy,0.5406
0.1,0.7000000000000001,UCB,0.625406
0.1,0.7000000000000001,ThompsonSampling,0.64625406
0.1,0.7000000000000001,Greedy,0.1
0.1,0.7000000000000001,EpsilonGreedy,0.591
0.1,0.7000000000000001,UCB,0.6759100000000001
0.1,0.7000000000000001,ThompsonSampling,0.5867591
0.1,0.7000000000000001,Greedy,0.14
0.1,0.7000000000000001,EpsilonGreedy,0.6114
0.1,0.7000000000000001,UCB,0.7561140000000001
0.1,0.7000000000000001,ThompsonSampling,0.67756114
0.1,0.7000000000000001,Greedy,0.1
0.1,0.7000000000000001,EpsilonGreedy,0.6809999999999999
0.1,0.7000000000000001,UCB,0.67681
0.1,0.7000000000000001,ThompsonSampling,0.7067681
0.1,0.8,Greedy,0.1
0.1,0.8,EpsilonGreedy,0.631
0.1,0.8,UCB,0.84631
0.1,0.8,ThompsonSampling,0.7384631
0.1,0.8,Greedy,0.12
0.1,0.8,EpsilonGreedy,0.5712
0.1,0.8,UCB,0.8057120000000001
0.1,0.8,ThompsonSampling,0.75805712
0.1,0.8,Greedy,0.1
0.1,0.8,EpsilonGreedy,0.521
0.1,0.8,UCB,0.73521
0.1,0.8,ThompsonSampling,0.7673521
0.1,0.8,Greedy,0.04
0.1,0.8,EpsilonGreedy,0.6204
0.1,0.8,UCB,0.7462040000000001
0.1,0.8,ThompsonSampling,0.8074620400000001
0.1,0.8,Greedy,0.08
0.1,0.8,EpsilonGreedy,0.5108
0.1,0.8,UCB,0.765108
0.1,0.8,ThompsonSampling,0.73765108
0.1,0.9,Greedy,0.12
0.1,0.9,EpsilonGreedy,0.8612000000000001
0.1,0.9,UCB,0.888612
0.1,0.9,ThompsonSampling,0.88888612
0.1,0.9,Greedy,0.09
0.1,0.9,EpsilonGreedy,0.7009000000000001
0.1,0.9,UCB,0.887009
0.1,0.9,ThompsonSampling,0.85887009
0.1,0.9,Greedy,0.09
0.1,0.9,EpsilonGreedy,0.7509
0.1,0.9,UCB,0.867509
0.1,0.9,ThompsonSampling,0.88867509
0.1,0.9,Greedy,0.11
0.1,0.9,EpsilonGreedy,0.6411
0.1,0.9,UCB,0.896411
0.1,0.9,ThompsonSampling,0.8589641100000001
0.1,0.9,Greedy,0.1
0.1,0.9,EpsilonGreedy,0.6609999999999999
0.1,0.9,UCB,0.83661
0.1,0.9,ThompsonSampling,0.9183661000000001
0.2,0.1,Greedy,0.23
0.2,0.1,EpsilonGreedy,0.1723
0.2,0.1,UCB,0.251723
0.2,0.1,ThompsonSampling,0.16251722999999998
0.2,0.1,Greedy,0.2
0.2,0.1,EpsilonGreedy,0.212
0.2,0.1,UCB,0.18212
0.2,0.1,ThompsonSampling,0.2018212
0.2,0.1,Greedy,0.25
0.2,0.1,EpsilonGreedy,0.2625
0.2,0.1,UCB,0.21262499999999998
0.2,0.1,ThompsonSampling,0.16212625
0.2,0.1,Greedy,0.21
0.2,0.1,EpsilonGreedy,0.1721
0.2,0.1,UCB,0.101721
0.2,0.1,ThompsonSampling,0.14101721
0.2,0.1,Greedy,0.11
0.2,0.1,EpsilonGreedy,0.24109999999999998
0.2,0.1,UCB,0.12241099999999999
0.2,0.1,ThompsonSampling,0.19122411
0.2,0.2,Greedy,0.17
0.2,0.2,EpsilonGreedy,0.17170000000000002
0.2,0.2,UCB,0.21171700000000002
0.2,0.2,ThompsonSampling,0.23211717
0.2,0.2,Greedy,0.14
0.2,0.2,EpsilonGreedy,0.2014
0.2,0.2,UCB,0.282014
0.2,0.2,ThompsonSampling,0.28282014
0.2,0.2,Greedy,0.14
0.2,0.2,EpsilonGreedy,0.12140000000000001
0.2,0.2,UCB,0.131214
0.2,0.2,ThompsonSampling,0.22131214
0.2,0.2,Greedy,0.11
0.2,0.2,EpsilonGreedy,0.24109999999999998
0.2,0.2,UCB,0.17241099999999998
0.2,0.2,ThompsonSampling,0.19172411
0.2,0.2,Greedy,0.18
0.2,0.2,EpsilonGreedy,0.2218
0.2,0.2,UCB,0.232218
0.2,0.2,ThompsonSampling,0.16232217999999998
0.2,0.30000000000000004,Greedy,0.16
0.2,0.30000000000000004,EpsilonGreedy,0.2616
0.2,0.30000000000000004,UCB,0.272616
0.2,0.30000000000000004,ThompsonSampling,0.31272616
0.2,0.30000000000000004,Greedy,0.31
0.2,0.30000000000000004,EpsilonGreedy,0.17310000000000003
0.2,0.30000000000000004,UCB,0.311731
0.2,0.30000000000000004,ThompsonSampling,0.33311731
0.2,0.30000000000000004,Greedy,0.19
0.2,0.30000000000000004,EpsilonGreedy,0.23189999999999997
0.2,0.30000000000000004,UCB,0.26231899999999997
0.2,0.30000000000000004,ThompsonSampling,0.30262319
0.2,0.30000000000000004,Greedy,0.25
0.2,0.30000000000000004,EpsilonGreedy,0.1625
0.2,0.30000000000000004,UCB,0.22162500000000002
0.2,0.30000000000000004,ThompsonSampling,0.24221625
0.2,0.30000000000000004,Greedy,0.19
0.2,0.30000000000000004,EpsilonGreedy,0.2219
0.2,0.30000000000000004,UCB,0.22221899999999997
0.2,0.30000000000000004,ThompsonSampling,0.23222219
0.2,0.4,Greedy,0.18
0.2,0.4,EpsilonGreedy,0.3918
0.2,0.4,UCB,0.40391800000000005
0.2,0.4,ThompsonSampling,0.31403918000000003
0.2,0.4,Greedy,0.18
0.2,0.4,EpsilonGreedy,0.0818
0.2,0.4,UCB,0.270818
0.2,0.4,ThompsonSampling,0.44270818
0.2,0.4,Greedy,0.15
0.2,0.4,EpsilonGreedy,0.2415
0.2,0.4,UCB,0.29241500000000004
0.2,0.4,ThompsonSampling,0.39292414999999997
0.2,0.4,Greedy,0.2
0.2,0.4,EpsilonGreedy,0.282
0.2,0.4,UCB,0.29282
0.2,0.4,ThompsonSampling,0.4229282
0.2,0.4,Greedy,0.18
0.2,0.4,EpsilonGreedy,0.1818
0.2,0.4,UCB,0.29181799999999997
0.2,0.4,ThompsonSampling,0.29291818
0.2,0.5,Greedy,0.2
0.2,0.5,EpsilonGreedy,0.47200000000000003
0.2,0.5,UCB,0.45472
0.2,0.5,ThompsonSampling,0.44454720000000003
0.2,0.5,Greedy,0.14
0.2,0.5,EpsilonGreedy,0.5214
0.2,0.5,UCB,0.435214
0.2,0.5,ThompsonSampling,0.53435214
0.2,0.5,Greedy,0.2
0.2,0.5,EpsilonGreedy,0.532
0.2,0.5,UCB,0.50532
0.2,0.5,ThompsonSampling,0.5750531999999999
0.2,0.5,Greedy,0.16
0.2,0.5,EpsilonGreedy,0.45159999999999995
0.2,0.5,UCB,0.424516
0.2,0.5,ThompsonSampling,0.42424515999999995
0.2,0.5,Greedy,0.2
0.2,0.5,EpsilonGreedy,0.402
0.2,0.5,UCB,0.5440200000000001
0.2,0.5,ThompsonSampling,0.4454402
0.2,0.6000000000000001,Greedy,0.2
0.2,0.6000000000000001,EpsilonGreedy,0.612
0.2,0.6000000000000001,UCB,0.58612
0.2,0.6000000000000001,ThompsonSampling,0.5558612
0.2,0.6000000000000001,Greedy,0.17
0.2,0.6000000000000001,EpsilonGreedy,0.5017
0.2,0.6000000000000001,UCB,0.585017
0.2,0.6000000000000001,ThompsonSampling,0.51585017
0.2,0.6000000000000001,Greedy,0.17
0.2,0.6000000000000001,EpsilonGreedy,0.3917
0.2,0.6000000000000001,UCB,0.483917
0.2,0.6000000000000001,ThompsonSampling,0.5448391699999999
0.2,0.6000000000000001,Greedy,0.24
0.2,0.6000000000000001,EpsilonGreedy,0.5824
0.2,0.6000000000000001,UCB,0.6558240000000001
0.2,0.6000000000000001,ThompsonSampling,0.66655824
0.2,0.6000000000000001,Greedy,0.26
0.2,0.6000000000000001,EpsilonGreedy,0.46259999999999996
0.2,0.6000000000000001,UCB,0.514626
0.2,0.6000000000000001,ThompsonSampling,0.55514626
0.2,0.7000000000000001,Greedy,0.24
0.2,0.7000000000000001,EpsilonGreedy,0.2624
0.2,0.7000000000000001,UCB,0.752624
0.2,0.7000000000000001,ThompsonSampling,0.70752624
0.2,0.7000000000000001,Greedy,0.23
0.2,0.7000000000000001,EpsilonGreedy,0.5523
0.2,0.7000000000000001,UCB,0.695523
0.2,0.7000000000000001,ThompsonSampling,0.6669552300000001
0.2,0.7000000000000001,Greedy,0.12
0.2,0.7000000000000001,EpsilonGreedy,0.5512
0.2,0.7000000000000001,UCB,0.7055119999999999
0.2,0.7000000000000001,ThompsonSampling,0.65705512
0.2,0.7000000000000001,Greedy,0.29
0.2,0.7000000000000001,EpsilonGreedy,0.5829
0.2,0.7000000000000001,UCB,0.665829
0.2,0.7000000000000001,ThompsonSampling,0.72665829
0.2,0.7000000000000001,Greedy,0.19
0.2,0.7000000000000001,EpsilonGreedy,0.6219
0.2,0.7000000000000001,UCB,0.676219
0.2,0.7000000000000001,ThompsonSampling,0.68676219
0.2,0.8,Greedy,0.23
0.2,0.8,EpsilonGreedy,0.4423
0.2,0.8,UCB,0.7644230000000001
0.2,0.8,ThompsonSampling,0.81764423
0.2,0.8,Greedy,0.2
0.2,0.8,EpsilonGreedy,0.782
0.2,0.8,UCB,0.7378199999999999
0.2,0.8,ThompsonSampling,0.7473782
0.2,0.8,Greedy,0.22
0.2,0.8,EpsilonGreedy,0.6022
0.2,0.8,UCB,0.756022
0.2,0.8,ThompsonSampling,0.73756022
0.2,0.8,Greedy,0.09
0.2,0.8,EpsilonGreedy,0.7609
0.2,0.8,UCB,0.757609
0.2,0.8,ThompsonSampling,0.74757609
0.2,0.8,Greedy,0.15
0.2,0.8,EpsilonGreedy,0.4915
0.2,0.8,UCB,0.764915
0.2,0.8,ThompsonSampling,0.79764915
0.2,0.9,Greedy,0.21
0.2,0.9,EpsilonGreedy,0.8521000000000001
0.2,0.9,UCB,0.7685210000000001
0.2,0.9,ThompsonSampling,0.8876852099999999
0.2,0.9,Greedy,0.2
0.2,0.9,EpsilonGreedy,0.632
0.2,0.9,UCB,0.8763200000000001
0.2,0.9,ThompsonSampling,0.9087631999999999
0.2,0.9,Greedy,0.17
0.2,0.9,EpsilonGreedy,0.7717
0.2,0.9,UCB,0.867717
0.2,0.9,ThompsonSampling,0.93867717
0.2,0.9,Greedy,0.13
0.2,0.9,EpsilonGreedy,0.8513
0.2,0.9,UCB,0.8885130000000001
0.2,0.9,ThompsonSampling,0.84888513
0.2,0.9,Greedy,0.24
0.2,0.9,EpsilonGreedy,0.7624000000000001
0.2,0.9,UCB,0.847624
0.2,0.9,ThompsonSampling,0.8784762399999999
0.30000000000000004,0.1,Greedy,0.35
0.30000000000000004,0.1,EpsilonGreedy,0.3035
0.30000000000000004,0.1,UCB,0.253035
0.30000000000000004,0.1,ThompsonSampling,0.25253035
0.30000000000000004,0.1,Greedy,0.28
0.30000000000000004,0.1,EpsilonGreedy,0.3128
0.30000000000000004,0.1,UCB,0.21312799999999998
0.30000000000000004,0.1,ThompsonSampling,0.22213128000000001
0.30000000000000004,0.1,Greedy,0.36
0.30000000000000004,0.1,EpsilonGreedy,0.2836
0.30000000000000004,0.1,UCB,0.202836
0.30000000000000004,0.1,ThompsonSampling,0.26202835999999996
0.30000000000000004,0.1,Greedy,0.25
0.30000000000000004,0.1,EpsilonGreedy,0.3125
0.30000000000000004,0.1,UCB,0.223125
0.30000000000000004,0.1,ThompsonSampling,0.29223125
0.30000000000000004,0.1,Greedy,0.31
0.30000000000000004,0.1,EpsilonGreedy,0.2631
0.30000000000000004,0.1,UCB,0.29263100000000003
0.30000000000000004,0.1,ThompsonSampling,0.14292631
0.30000000000000004,0.2,Greedy,0.29
0.30000000000000004,0.2,EpsilonGreedy,0.32289999999999996
0.30000000000000004,0.2,UCB,0.203229
0.30000000000000004,0.2,ThompsonSampling,0.26203229
0.30000000000000004,0.2,Greedy,0.25
0.30000000000000004,0.2,EpsilonGreedy,0.4125
0.30000000000000004,0.2,UCB,0.204125
0.30000000000000004,0.2,ThompsonSampling,0.26204125
0.30000000000000004,0.2,Greedy,0.27
0.30000000000000004,0.2,EpsilonGreedy,0.3127
0.30000000000000004,0.2,UCB,0.233127
0.30000000000000004,0.2,ThompsonSampling,0.31233127
0.30000000000000004,0.2,Greedy,0.29
0.30000000000000004,0.2,EpsilonGreedy,0.3029
0.30000000000000004,0.2,UCB,0.253029
0.30000000000000004,0.2,ThompsonSampling,0.29253028999999997
0.30000000000000004,0.2,Greedy,0.28
0.30000000000000004,0.2,EpsilonGreedy,0.2928
0.30000000000000004,0.2,UCB,0.272928
0.30000000000000004,0.2,ThompsonSampling,0.27272928
0.30000000000000004,0.30000000000000004,Greedy,0.39
0.30000000000000004,0.30000000000000004,EpsilonGreedy,0.2639
0.30000000000000004,0.30000000000000004,UCB,0.34263899999999997
0.30000000000000004,0.30000000000000004,ThompsonSampling,0.30342639
0.30000000000000004,0.30000000000000004,Greedy,0.31
0.30000000000000004,0.30000000000000004,EpsilonGreedy,0.37310000000000004
0.30000000000000004,0.30000000000000004,UCB,0.273731
0.30000000000000004,0.30000000000000004,ThompsonSampling,0.35273730999999997
0.30000000000000004,0.30000000000000004,Greedy,0.28
0.30000000000000004,0.30000000000000004,EpsilonGreedy,0.3128
0.30000000000000004,0.30000000000000004,UCB,0.273128
0.30000000000000004,0.30000000000000004,ThompsonSampling,0.34273127999999997
0.30000000000000004,0.30000000000000004,Greedy,0.32
0.30000000000000004,0.30000000000000004,EpsilonGreedy,0.3132
0.30000000000000004,0.30000000000000004,UCB,0.253132
0.30000000000000004,0.30000000000000004,ThompsonSampling,0.26253132
0.30000000000000004,0.30000000000000004,Greedy,0.26
0.30000000000000004,0.30000000000000004,EpsilonGreedy,0.3826
0.30000000000000004,0.30000000000000004,UCB,0.283826
0.30000000000000004,0.30000000000000004,ThompsonSampling,0.34283825999999995
0.30000000000000004,0.4,Greedy,0.29
0.30000000000000004,0.4,EpsilonGreedy,0.4429
0.30000000000000004,0.4,UCB,0.454429
0.30000000000000004,0.4,ThompsonSampling,0.34454429000000003
0.30000000000000004,0.4,Greedy,0.33
0.30000000000000004,0.4,EpsilonGreedy,0.4533
0.30000000000000004,0.4,UCB,0.494533
0.30000000000000004,0.4,ThompsonSampling,0.38494533000000003
0.30000000000000004,0.4,Greedy,0.29
0.30000000000000004,0.4,EpsilonGreedy,0.3729
0.30000000000000004,0.4,UCB,0.353729
0.30000000000000004,0.4,ThompsonSampling,0.34353729
0.30000000000000004,0.4,Greedy,0.33
0.30000000000000004,0.4,EpsilonGreedy,0.2833
0.30000000000000004,0.4,UCB,0.41283299999999995
0.30000000000000004,0.4,ThompsonSampling,0.29412833
0.30000000000000004,0.4,Greedy,0.26
0.30000000000000004,0.4,EpsilonGreedy,0.35259999999999997
0.30000000000000004,0.4,UCB,0.323526
0.30000000000000004,0.4,ThompsonSampling,0.32323526
0.30000000000000004,0.5,Greedy,0.33
0.30000000000000004,0.5,EpsilonGreedy,0.4033
0.30000000000000004,0.5,UCB,0.314033
0.30000000000000004,0.5,ThompsonSampling,0.45314033000000004
0.30000000000000004,0.5,Greedy,0.3
0.30000000000000004,0.5,EpsilonGreedy,0.44299999999999995
0.30000000000000004,0.5,UCB,0.48442999999999997
0.30000000000000004,0.5,ThompsonSampling,0.45484430000000003
0.30000000000000004,0.5,Greedy,0.28
0.30000000000000004,0.5,EpsilonGreedy,0.4328
0.30000000000000004,0.5,UCB,0.484328
0.30000000000000004,0.5,ThompsonSampling,0.5548432799999999
0.30000000000000004,0.5,Greedy,0.31
0.30000000000000004,0.5,EpsilonGreedy,0.4031
0.30000000000000004,0.5,UCB,0.434031
0.30000000000000004,0.5,ThompsonSampling,0.48434031000000005
0.30000000000000004,0.5,Greedy,0.3
0.30000000000000004,0.5,EpsilonGreedy,0.223
0.30000000000000004,0.5,UCB,0.29223
0.30000000000000004,0.5,ThompsonSampling,0.4729223
0.30000000000000004,0.6000000000000001,Greedy,0.25
0.30000000000000004,0.6000000000000001,EpsilonGreedy,0.6525
0.30000000000000004,0.6000000000000001,UCB,0.5865250000000001
0.30000000000000004,0.6000000000000001,ThompsonSampling,0.5358652500000001
0.30000000000000004,0.6000000000000001,Greedy,0.28
0.30000000000000004,0.6000000000000001,EpsilonGreedy,0.4628
0.30000000000000004,0.6000000000000001,UCB,0.604628
0.30000000000000004,0.6000000000000001,ThompsonSampling,0.54604628
0.30000000000000004,0.6000000000000001,Greedy,0.26
0.30000000000000004,0.6000000000000001,EpsilonGreedy,0.3026
0.30000000000000004,0.6000000000000001,UCB,0.633026
0.30000000000000004,0.6000000000000001,ThompsonSampling,0.42633026
0.30000000000000004,0.6000000000000001,Greedy,0.36
0.30000000000000004,0.6000000000000001,EpsilonGreedy,0.6036
0.30000000000000004,0.6000000000000001,UCB,0.566036
0.30000000000000004,0.6000000000000001,ThompsonSampling,0.61566036
0.30000000000000004,0.6000000000000001,Greedy,0.26
0.30000000000000004,0.6000000000000001,EpsilonGreedy,0.5025999999999999
0.30000000000000004,0.6000000000000001,UCB,0.585026
0.30000000000000004,0.6000000000000001,ThompsonSampling,0.57585026
0.30000000000000004,0.7000000000000001,Greedy,0.35
0.30000000000000004,0.7000000000000001,EpsilonGreedy,0.7034999999999999
0.30000000000000004,0.7000000000000001,UCB,0.6570349999999999
0.30000000000000004,0.7000000000000001,ThompsonSampling,0.7065703500000001
0.30000000000000004,0.7000000000000001,Greedy,0.32
0.30000000000000004,0.7000000000000001,EpsilonGreedy,0.4632
0.30000000000000004,0.7000000000000001,UCB,0.654632
0.30000000000000004,0.7000000000000001,ThompsonSampling,0.6465463199999999
0.30000000000000004,0.7000000000000001,Greedy,0.18
0.30000000000000004,0.7000000000000001,EpsilonGreedy,0.5818
0.30000000000000004,0.7000000000000001,UCB,0.615818
0.30000000000000004,0.7000000000000001,ThompsonSampling,0.65615818
0.30000000000000004,0.7000000000000001,Greedy,0.31
0.30000000000000004,0.7000000000000001,EpsilonGreedy,0.6131
0.30000000000000004,0.7000000000000001,UCB,0.7061310000000001
0.30000000000000004,0.7000000000000001,ThompsonSampling,0.73706131
0.30000000000000004,0.7000000000000001,Greedy,0.24
0.30000000000000004,0.7000000000000001,EpsilonGreedy,0.3724
0.30000000000000004,0.7000000000000001,UCB,0.7437239999999999
0.30000000000000004,0.7000000000000001,ThompsonSampling,0.68743724
0.30000000000000004,0.8,Greedy,0.31
0.30000000000000004,0.8,EpsilonGreedy,0.6631
0.30000000000000004,0.8,UCB,0.746631
0.30000000000000004,0.8,ThompsonSampling,0.8774663100000001
0.30000000000000004,0.8,Greedy,0.31
0.30000000000000004,0.8,EpsilonGreedy,0.6831
0.30000000000000004,0.8,UCB,0.7768309999999999
0.30000000000000004,0.8,ThompsonSampling,0.84776831
0.30000000000000004,0.8,Greedy,0.34
0.30000000000000004,0.8,EpsilonGreedy,0.6634
0.30000000000000004,0.8,UCB,0.806634
0.30000000000000004,0.8,ThompsonSampling,0.80806634
0.30000000000000004,0.8,Greedy,0.2
0.30000000000000004,0.8,EpsilonGreedy,0.342
0.30000000000000004,0.8,UCB,0.76342
0.30000000000000004,0.8,ThompsonSampling,0.7676341999999999
0.30000000000000004,0.8,Greedy,0.33
0.30000000000000004,0.8,EpsilonGreedy,0.7132999999999999
0.30000000000000004,0.8,UCB,0.727133
0.30000000000000004,0.8,ThompsonSampling,0.7372713300000001
0.30000000000000004,0.9,Greedy,0.28
0.30000000000000004,0.9,EpsilonGreedy,0.8628
0.30000000000000004,0.9,UCB,0.9086279999999999
0.30000000000000004,0.9,ThompsonSampling,0.85908628
0.30000000000000004,0.9,Greedy,0.38
0.30000000000000004,0.9,EpsilonGreedy,0.8138
0.30000000000000004,0.9,UCB,0.948138
0.30000000000000004,0.9,ThompsonSampling,0.82948138
0.30000000000000004,0.9,Greedy,0.34
0.30000000000000004,0.9,EpsilonGreedy,0.6534
0.30000000000000004,0.9,UCB,0.866534
0.30000000000000004,0.9,ThompsonSampling,0.89866534
0.30000000000000004,0.9,Greedy,0.38
0.30000000000000004,0.9,EpsilonGreedy,0.8338
0.30000000000000004,0.9,UCB,0.818338
0.30000000000000004,0.9,ThompsonSampling,0.87818338
0.30000000000000004,0.9,Greedy,0.24
0.30000000000000004,0.9,EpsilonGreedy,0.8024000000000001
0.30000000000000004,0.9,UCB,0.7980240000000001
0.30000000000000004,0.9,ThompsonSampling,0.91798024
0.4,0.1,Greedy,0.44
0.4,0.1,EpsilonGreedy,0.3544
0.4,0.1,UCB,0.40354399999999996
0.4,0.1,ThompsonSampling,0.43403543999999994
0.4,0.1,Greedy,0.36
0.4,0.1,EpsilonGreedy,0.3336
0.4,0.1,UCB,0.32333600000000007
0.4,0.1,ThompsonSampling,0.47323336
0.4,0.1,Greedy,0.36
0.4,0.1,EpsilonGreedy,0.35359999999999997
0.4,0.1,UCB,0.313536
0.4,0.1,ThompsonSampling,0.28313536
0.4,0.1,Greedy,0.36
0.4,0.1,EpsilonGreedy,0.3936
0.4,0.1,UCB,0.28393599999999997
0.4,0.1,ThompsonSampling,0.34283936
0.4,0.1,Greedy,0.4
0.4,0.1,EpsilonGreedy,0.364
0.4,0.1,UCB,0.28364
0.4,0.1,ThompsonSampling,0.3628364
0.4,0.2,Greedy,0.53
0.4,0.2,EpsilonGreedy,0.4353
0.4,0.2,UCB,0.354353
0.4,0.2,ThompsonSampling,0.39354353000000003
0.4,0.2,Greedy,0.29
0.4,0.2,EpsilonGreedy,0.2229
0.4,0.2,UCB,0.282229
0.4,0.2,ThompsonSampling,0.37282229
0.4,0.2,Greedy,0.39
0.4,0.2,EpsilonGreedy,0.3239
0.4,0.2,UCB,0.30323900000000004
0.4,0.2,ThompsonSampling,0.34303238999999996
0.4,0.2,Greedy,0.39
0.4,0.2,EpsilonGreedy,0.33390000000000003
0.4,0.2,UCB,0.343339
0.4,0.2,ThompsonSampling,0.38343339
0.4,0.2,Greedy,0.39
0.4,0.2,EpsilonGreedy,0.3639
0.4,0.2,UCB,0.313639
0.4,0.2,ThompsonSampling,0.42313639000000003
0.4,0.30000000000000004,Greedy,0.41
0.4,0.30000000000000004,EpsilonGreedy,0.35409999999999997
0.4,0.30000000000000004,UCB,0.39354100000000003
0.4,0.30000000000000004,ThompsonSampling,0.32393541
0.4,0.30000000000000004,Greedy,0.36
0.4,0.30000000000000004,EpsilonGreedy,0.3936
0.4,0.30000000000000004,UCB,0.443936
0.4,0.30000000000000004,ThompsonSampling,0.38443936
0.4,0.30000000000000004,Greedy,0.35
0.4,0.30000000000000004,EpsilonGreedy,0.3635
0.4,0.30000000000000004,UCB,0.29363500000000003
0.4,0.30000000000000004,ThompsonSampling,0.31293635000000003
0.4,0.30000000000000004,Greedy,0.4
0.4,0.30000000000000004,EpsilonGreedy,0.294
0.4,0.30000000000000004,UCB,0.32293999999999995
0.4,0.30000000000000004,ThompsonSampling,0.37322940000000004
0.4,0.30000000000000004,Greedy,0.38
0.4,0.30000000000000004,EpsilonGreedy,0.35379999999999995
0.4,0.30000000000000004,UCB,0.343538
0.4,0.30000000000000004,ThompsonSampling,0.30343538000000003
0.4,0.4,Greedy,0.43
0.4,0.4,EpsilonGreedy,0.3743
0.4,0.4,UCB,0.373743
0.4,0.4,ThompsonSampling,0.4137374300000001
0.4,0.4,Greedy,0.37
0.4,0.4,EpsilonGreedy,0.46370000000000006
0.4,0.4,UCB,0.454637
0.4,0.4,ThompsonSampling,0.48454637
0.4,0.4,Greedy,0.41
0.4,0.4,EpsilonGreedy,0.3141
0.4,0.4,UCB,0.533141
0.4,0.4,ThompsonSampling,0.49533141
0.4,0.4,Greedy,0.38
0.4,0.4,EpsilonGreedy,0.43379999999999996
0.4,0.4,UCB,0.404338
0.4,0.4,ThompsonSampling,0.41404337999999996
0.4,0.4,Greedy,0.51
0.4,0.4,EpsilonGreedy,0.3651
0.4,0.4,UCB,0.45365099999999997
0.4,0.4,ThompsonSampling,0.43453651
0.4,0.5,Greedy,0.39
0.4,0.5,EpsilonGreedy,0.4539
0.4,0.5,UCB,0.36453900000000006
0.4,0.5,ThompsonSampling,0.50364539
0.4,0.5,Greedy,0.34
0.4,0.5,EpsilonGreedy,0.41340000000000005
0.4,0.5,UCB,0.444134
0.4,0.5,ThompsonSampling,0.47444134
0.4,0.5,Greedy,0.34
0.4,0.5,EpsilonGreedy,0.46340000000000003
0.4,0.5,UCB,0.394634
0.4,0.5,ThompsonSampling,0.40394633999999996
0.4,0.5,Greedy,0.38
0.4,0.5,EpsilonGreedy,0.41379999999999995
0.4,0.5,UCB,0.474138
0.4,0.5,ThompsonSampling,0.47474138
0.4,0.5,Greedy,0.36
0.4,0.5,EpsilonGreedy,0.3936
0.4,0.5,UCB,0.343936
0.4,0.5,ThompsonSampling,0.43343936
0.4,0.6000000000000001,Greedy,0.37
0.4,0.6000000000000001,EpsilonGreedy,0.6137
0.4,0.6000000000000001,UCB,0.6361370000000001
0.4,0.6000000000000001,ThompsonSampling,0.61636137
0.4,0.6000000000000001,Greedy,0.51
0.4,0.6000000000000001,EpsilonGreedy,0.5550999999999999
0.4,0.6000000000000001,UCB,0.545551
0.4,0.6000000000000001,ThompsonSampling,0.5854555100000001
0.4,0.6000000000000001,Greedy,0.42
0.4,0.6000000000000001,EpsilonGreedy,0.5342
0.4,0.6000000000000001,UCB,0.585342
0.4,0.6000000000000001,ThompsonSampling,0.63585342
0.4,0.6000000000000001,Greedy,0.53
0.4,0.6000000000000001,EpsilonGreedy,0.4353
0.4,0.6000000000000001,UCB,0.644353
0.4,0.6000000000000001,ThompsonSampling,0.65644353
0.4,0.6000000000000001,Greedy,0.49
0.4,0.6000000000000001,EpsilonGreedy,0.41490000000000005
0.4,0.6000000000000001,UCB,0.6341490000000001
0.4,0.6000000000000001,ThompsonSampling,0.73634149
0.4,0.7000000000000001,Greedy,0.38
0.4,0.7000000000000001,EpsilonGreedy,0.6838
0.4,0.7000000000000001,UCB,0.6668379999999999
0.4,0.7000000000000001,ThompsonSampling,0.6466683799999999
0.4,0.7000000000000001,Greedy,0.42
0.4,0.7000000000000001,EpsilonGreedy,0.6142
0.4,0.7000000000000001,UCB,0.5861419999999999
0.4,0.7000000000000001,ThompsonSampling,0.6458614199999999
0.4,0.7000000000000001,Greedy,0.41
0.4,0.7000000000000001,EpsilonGreedy,0.4341
0.4,0.7000000000000001,UCB,0.644341
0.4,0.7000000000000001,ThompsonSampling,0.69644341
0.4,0.7000000000000001,Greedy,0.35
0.4,0.7000000000000001,EpsilonGreedy,0.4935
0.4,0.7000000000000001,UCB,0.604935
0.4,0.7000000000000001,ThompsonSampling,0.69604935
0.4,0.7000000000000001,Greedy,0.4
0.4,0.7000000000000001,EpsilonGreedy,0.604
0.4,0.7000000000000001,UCB,0.73604
0.4,0.7000000000000001,ThompsonSampling,0.6973604
0.4,0.8,Greedy,0.41
0.4,0.8,EpsilonGreedy,0.4941
0.4,0.8,UCB,0.794941
0.4,0.8,ThompsonSampling,0.77794941
0.4,0.8,Greedy,0.39
0.4,0.8,EpsilonGreedy,0.7139
0.4,0.8,UCB,0.747139
0.4,0.8,ThompsonSampling,0.78747139
0.4,0.8,Greedy,0.4
0.4,0.8,EpsilonGreedy,0.8340000000000001
0.4,0.8,UCB,0.77834
0.4,0.8,ThompsonSampling,0.8077834
0.4,0.8,Greedy,0.43
0.4,0.8,EpsilonGreedy,0.4043
0.4,0.8,UCB,0.754043
0.4,0.8,ThompsonSampling,0.79754043
0.4,0.8,Greedy,0.37
0.4,0.8,EpsilonGreedy,0.7837000000000001
0.4,0.8,UCB,0.757837
0.4,0.8,ThompsonSampling,0.8375783699999999
0.4,0.9,Greedy,0.45
0.4,0.9,EpsilonGreedy,0.8145
0.4,0.9,UCB,0.808145
0.4,0.9,ThompsonSampling,0.8680814499999999
0.4,0.9,Greedy,0.44
0.4,0.9,EpsilonGreedy,0.7644
0.4,0.9,UCB,0.9376439999999999
0.4,0.9,ThompsonSampling,0.88937644
0.4,0.9,Greedy,0.49
0.4,0.9,EpsilonGreedy,0.7249000000000001
0.4,0.9,UCB,0.877249
0.4,0.9,ThompsonSampling,0.86877249
0.4,0.9,Greedy,0.43
0.4,0.9,EpsilonGreedy,0.6643000000000001
0.4,0.9,UCB,0.8466429999999999
0.4,0.9,ThompsonSampling,0.92846643
0.4,0.9,Greedy,0.29
0.4,0.9,EpsilonGreedy,0.7528999999999999
0.4,0.9,UCB,0.887529
0.4,0.9,ThompsonSampling,0.93887529
0.5,0.1,Greedy,0.56
0.5,0.1,EpsilonGreedy,0.48560000000000003
0.5,0.1,UCB,0.49485599999999996
0.5,0.1,ThompsonSampling,0.46494856
0.5,0.1,Greedy,0.48
0.5,0.1,EpsilonGreedy,0.45480000000000004
0.5,0.1,UCB,0.514548
0.5,0.1,ThompsonSampling,0.45514548
0.5,0.1,Greedy,0.47
0.5,0.1,EpsilonGreedy,0.5047
0.5,0.1,UCB,0.525047
0.5,0.1,ThompsonSampling,0.57525047
0.5,0.1,Greedy,0.46
0.5,0.1,EpsilonGreedy,0.1946
0.5,0.1,UCB,0.491946
0.5,0.1,ThompsonSampling,0.49491946
0.5,0.1,Greedy,0.5
0.5,0.1,EpsilonGreedy,0.525
0.5,0.1,UCB,0.55525
0.5,0.1,ThompsonSampling,0.39555250000000003
0.5,0.2,Greedy,0.53
0.5,0.2,EpsilonGreedy,0.3753
0.5,0.2,UCB,0.42375299999999994
0.5,0.2,ThompsonSampling,0.47423752999999996
0.5,0.2,Greedy,0.51
0.5,0.2,EpsilonGreedy,0.4851
0.5,0.2,UCB,0.504851
0.5,0.2,ThompsonSampling,0.44504851
0.5,0.2,Greedy,0.52
0.5,0.2,EpsilonGreedy,0.45519999999999994
0.5,0.2,UCB,0.474552
0.5,0.2,ThompsonSampling,0.43474552000000005
0.5,0.2,Greedy,0.48
0.5,0.2,EpsilonGreedy,0.48480000000000006
0.5,0.2,UCB,0.414848
0.5,0.2,ThompsonSampling,0.42414848
0.5,0.2,Greedy,0.43
0.5,0.2,EpsilonGreedy,0.4543
0.5,0.2,UCB,0.42454300000000006
0.5,0.2,ThompsonSampling,0.45424543
0.5,0.30000000000000004,Greedy,0.48
0.5,0.30000000000000004,EpsilonGreedy,0.44480000000000003
0.5,0.30000000000000004,UCB,0.394448
0.5,0.30000000000000004,ThompsonSampling,0.48394447999999995
0.5,0.30000000000000004,Greedy,0.49
0.5,0.30000000000000004,EpsilonGreedy,0.4249
0.5,0.30000000000000004,UCB,0.47424900000000003
0.5,0.30000000000000004,ThompsonSampling,0.63474249
0.5,0.30000000000000004,Greedy,0.52
0.5,0.30000000000000004,EpsilonGreedy,0.46519999999999995
0.5,0.30000000000000004,UCB,0.5746519999999999
0.5,0.30000000000000004,ThompsonSampling,0.51574652
0.5,0.30000000000000004,Greedy,0.51
0.5,0.30000000000000004,EpsilonGreedy,0.4451
0.5,0.30000000000000004,UCB,0.434451
0.5,0.30000000000000004,ThompsonSampling,0.5143445099999999
0.5,0.30000000000000004,Greedy,0.52
0.5,0.30000000000000004,EpsilonGreedy,0.5252
0.5,0.30000000000000004,UCB,0.445252
0.5,0.30000000000000004,ThompsonSampling,0.37445251999999996
0.5,0.4,Greedy,0.53
0.5,0.4,EpsilonGreedy,0.4253
0.5,0.4,UCB,0.374253
0.5,0.4,ThompsonSampling,0.5037425299999999
0.5,0.4,Greedy,0.47
0.5,0.4,EpsilonGreedy,0.5146999999999999
0.5,0.4,UCB,0.465147
0.5,0.4,ThompsonSampling,0.47465147
0.5,0.4,Greedy,0.47
0.5,0.4,EpsilonGreedy,0.5246999999999999
0.5,0.4,UCB,0.44524699999999995
0.5,0.4,ThompsonSampling,0.41445247
0.5,0.4,Greedy,0.39
0.5,0.4,EpsilonGreedy,0.5439
0.5,0.4,UCB,0.485439
0.5,0.4,ThompsonSampling,0.36485439
0.5,0.4,Greedy,0.56
0.5,0.4,EpsilonGreedy,0.3956
0.5,0.4,UCB,0.423956
0.5,0.4,ThompsonSampling,0.32423956000000004
0.5,0.5,Greedy,0.48
0.5,0.5,EpsilonGreedy,0.6148
0.5,0.5,UCB,0.5261480000000001
0.5,0.5,ThompsonSampling,0.50526148
0.5,0.5,Greedy,0.57
0.5,0.5,EpsilonGreedy,0.4157
0.5,0.5,UCB,0.544157
0.5,0.5,ThompsonSampling,0.59544157
0.5,0.5,Greedy,0.53
0.5,0.5,EpsilonGreedy,0.5453
0.5,0.5,UCB,0.525453
0.5,0.5,ThompsonSampling,0.52525453
0.5,0.5,Greedy,0.48
0.5,0.5,EpsilonGreedy,0.47480000000000006
0.5,0.5,UCB,0.484748
0.5,0.5,ThompsonSampling,0.46484748
0.5,0.5,Greedy,0.57
0.5,0.5,EpsilonGreedy,0.5157
0.5,0.5,UCB,0.5551569999999999
0.5,0.5,ThompsonSampling,0.51555157
0.5,0.6000000000000001,Greedy,0.52
0.5,0.6000000000000001,EpsilonGreedy,0.5152
0.5,0.6000000000000001,UCB,0.505152
0.5,0.6000000000000001,ThompsonSampling,0.5750515199999999
0.5,0.6000000000000001,Greedy,0.5
0.5,0.6000000000000001,EpsilonGreedy,0.605
0.5,0.6000000000000001,UCB,0.5860500000000001
0.5,0.6000000000000001,ThompsonSampling,0.5958605
0.5,0.6000000000000001,Greedy,0.58
0.5,0.6000000000000001,EpsilonGreedy,0.4558
0.5,0.6000000000000001,UCB,0.624558
0.5,0.6000000000000001,ThompsonSampling,0.49624558
0.5,0.6000000000000001,Greedy,0.47
0.5,0.6000000000000001,EpsilonGreedy,0.5947
0.5,0.6000000000000001,UCB,0.45594700000000005
0.5,0.6000000000000001,ThompsonSampling,0.60455947
0.5,0.6000000000000001,Greedy,0.41
0.5,0.6000000000000001,EpsilonGreedy,0.6041
0.5,0.6000000000000001,UCB,0.536041
0.5,0.6000000000000001,ThompsonSampling,0.62536041
0.5,0.7000000000000001,Greedy,0.51
0.5,0.7000000000000001,EpsilonGreedy,0.6850999999999999
0.5,0.7000000000000001,UCB,0.6268509999999999
0.5,0.7000000000000001,ThompsonSampling,0.69626851
0.5,0.7000000000000001,Greedy,0.42
0.5,0.7000000000000001,EpsilonGreedy,0.6542
0.5,0.7000000000000001,UCB,0.716542
0.5,0.7000000000000001,ThompsonSampling,0.6171654200000001
0.5,0.7000000000000001,Greedy,0.48
0.5,0.7000000000000001,EpsilonGreedy,0.7248
0.5,0.7000000000000001,UCB,0.6672480000000001
0.5,0.7000000000000001,ThompsonSampling,0.7166724800000001
0.5,0.7000000000000001,Greedy,0.53
0.5,0.7000000000000001,EpsilonGreedy,0.6453
0.5,0.7000000000000001,UCB,0.7264529999999999
0.5,0.7000000000000001,ThompsonSampling,0.6872645299999999
0.5,0.7000000000000001,Greedy,0.49
0.5,0.7000000000000001,EpsilonGreedy,0.5649000000000001
0.5,0.7000000000000001,UCB,0.5656490000000001
0.5,0.7000000000000001,ThompsonSampling,0.67565649
0.5,0.8,Greedy,0.51
0.5,0.8,EpsilonGreedy,0.7550999999999999
0.5,0.8,UCB,0.737551
0.5,0.8,ThompsonSampling,0.79737551
0.5,0.8,Greedy,0.44
0.5,0.8,EpsilonGreedy,0.6744
0.5,0.8,UCB,0.7867439999999999
0.5,0.8,ThompsonSampling,0.82786744
0.5,0.8,Greedy,0.54
0.5,0.8,EpsilonGreedy,0.6953999999999999
0.5,0.8,UCB,0.7369540000000001
0.5,0.8,ThompsonSampling,0.73736954
0.5,0.8,Greedy,0.51
0.5,0.8,EpsilonGreedy,0.40509999999999996
0.5,0.8,UCB,0.8040510000000001
0.5,0.8,ThompsonSampling,0.71804051
0.5,0.8,Greedy,0.41
0.5,0.8,EpsilonGreedy,0.8140999999999999
0.5,0.8,UCB,0.798141
0.5,0.8,ThompsonSampling,0.75798141
0.5,0.9,Greedy,0.57
0.5,0.9,EpsilonGreedy,0.7957
0.5,0.9,UCB,0.897957
0.5,0.9,ThompsonSampling,0.8589795699999999
0.5,0.9,Greedy,0.35
0.5,0.9,EpsilonGreedy,0.8134999999999999
0.5,0.9,UCB,0.878135
0.5,0.9,ThompsonSampling,0.94878135
0.5,0.9,Greedy,0.44
0.5,0.9,EpsilonGreedy,0.7844
0.5,0.9,UCB,0.837844
0.5,0.9,ThompsonSampling,0.8583784400000001
0.5,0.9,Greedy,0.49
0.5,0.9,EpsilonGreedy,0.7949
0.5,0.9,UCB,0.867949
0.5,0.9,ThompsonSampling,0.8886794899999999
0.5,0.9,Greedy,0.54
0.5,0.9,EpsilonGreedy,0.8453999999999999
0.5,0.9,UCB,0.878454
0.5,0.9,ThompsonSampling,0.8987845400000001
0.6000000000000001,0.1,Greedy,0.5
0.6000000000000001,0.1,EpsilonGreedy,0.695
0.6000000000000001,0.1,UCB,0.41695
0.6000000000000001,0.1,ThompsonSampling,0.5441695
0.6000000000000001,0.1,Greedy,0.59
0.6000000000000001,0.1,EpsilonGreedy,0.5459
0.6000000000000001,0.1,UCB,0.565459
0.6000000000000001,0.1,ThompsonSampling,0.61565459
0.6000000000000001,0.1,Greedy,0.64
0.6000000000000001,0.1,EpsilonGreedy,0.5764
0.6000000000000001,0.1,UCB,0.495764
0.6000000000000001,0.1,ThompsonSampling,0.5949576400000001
0.6000000000000001,0.1,Greedy,0.61
0.6000000000000001,0.1,EpsilonGreedy,0.5161
0.6000000000000001,0.1,UCB,0.515161
0.6000000000000001,0.1,ThompsonSampling,0.46515161
0.6000000000000001,0.1,Greedy,0.56
0.6000000000000001,0.1,EpsilonGreedy,0.5356000000000001
0.6000000000000001,0.1,UCB,0.615356
0.6000000000000001,0.1,ThompsonSampling,0.5561535599999999
0.6000000000000001,0.2,Greedy,0.63
0.6000000000000001,0.2,EpsilonGreedy,0.6263
0.6000000000000001,0.2,UCB,0.556263
0.6000000000000001,0.2,ThompsonSampling,0.51556263
0.6000000000000001,0.2,Greedy,0.6
0.6000000000000001,0.2,EpsilonGreedy,0.626
0.6000000000000001,0.2,UCB,0.53626
0.6000000000000001,0.2,ThompsonSampling,0.5053626
0.6000000000000001,0.2,Greedy,0.65
0.6000000000000001,0.2,EpsilonGreedy,0.4865
0.6000000000000001,0.2,UCB,0.534865
0.6000000000000001,0.2,ThompsonSampling,0.56534865
0.6000000000000001,0.2,Greedy,0.65
0.6000000000000001,0.2,EpsilonGreedy,0.6164999999999999
0.6000000000000001,0.2,UCB,0.586165
0.6000000000000001,0.2,ThompsonSampling,0.43586165
0.6000000000000001,0.2,Greedy,0.64
0.6000000000000001,0.2,EpsilonGreedy,0.6564
0.6000000000000001,0.2,UCB,0.556564
0.6000000000000001,0.2,ThompsonSampling,0.6555656400000001
0.6000000000000001,0.30000000000000004,Greedy,0.63
0.6000000000000001,0.30000000000000004,EpsilonGreedy,0.5862999999999999
0.6000000000000001,0.30000000000000004,UCB,0.5058630000000001
0.6000000000000001,0.30000000000000004,ThompsonSampling,0.6050586299999999
0.6000000000000001,0.30000000000000004,Greedy,0.54
0.6000000000000001,0.30000000000000004,EpsilonGreedy,0.6354
0.6000000000000001,0.30000000000000004,UCB,0.5063540000000001
0.6000000000000001,0.30000000000000004,ThompsonSampling,0.52506354
0.6000000000000001,0.30000000000000004,Greedy,0.61
0.6000000000000001,0.30000000000000004,EpsilonGreedy,0.6361
0.6000000000000001,0.30000000000000004,UCB,0.516361
0.6000000000000001,0.30000000000000004,ThompsonSampling,0.57516361
0.6000000000000001,0.30000000000000004,Greedy,0.48
0.6000000000000001,0.30000000000000004,EpsilonGreedy,0.5548000000000001
0.6000000000000001,0.30000000000000004,UCB,0.495548
0.6000000000000001,0.30000000000000004,ThompsonSampling,0.57495548
0.6000000000000001,0.30000000000000004,Greedy,0.53
0.6000000000000001,0.30000000000000004,EpsilonGreedy,0.3453
0.6000000000000001,0.30000000000000004,UCB,0.583453
0.6000000000000001,0.30000000000000004,ThompsonSampling,0.61583453
0.6000000000000001,0.4,Greedy,0.61
0.6000000000000001,0.4,EpsilonGreedy,0.6960999999999999
0.6000000000000001,0.4,UCB,0.606961
0.6000000000000001,0.4,ThompsonSampling,0.52606961
0.6000000000000001,0.4,Greedy,0.65
0.6000000000000001,0.4,EpsilonGreedy,0.5965
0.6000000000000001,0.4,UCB,0.545965
0.6000000000000001,0.4,ThompsonSampling,0.6054596499999999
0.6000000000000001,0.4,Greedy,0.53
0.6000000000000001,0.4,EpsilonGreedy,0.6253
0.6000000000000001,0.4,UCB,0.566253
0.6000000000000001,0.4,ThompsonSampling,0.56566253
0.6000000000000001,0.4,Greedy,0.63
0.6000000000000001,0.4,EpsilonGreedy,0.6063
0.6000000000000001,0.4,UCB,0.516063
0.6000000000000001,0.4,ThompsonSampling,0.47516063000000003
0.6000000000000001,0.4,Greedy,0.61
0.6000000000000001,0.4,EpsilonGreedy,0.5961
0.6000000000000001,0.4,UCB,0.475961
0.6000000000000001,0.4,ThompsonSampling,0.55475961
0.6000000000000001,0.5,Greedy,0.51
0.6000000000000001,0.5,EpsilonGreedy,0.40509999999999996
0.6000000000000001,0.5,UCB,0.44405100000000003
0.6000000000000001,0.5,ThompsonSampling,0.52444051
0.6000000000000001,0.5,Greedy,0.6
0.6000000000000001,0.5,EpsilonGreedy,0.626
0.6000000000000001,0.5,UCB,0.59626
0.6000000000000001,0.5,ThompsonSampling,0.5959626
0.6000000000000001,0.5,Greedy,0.58
0.6000000000000001,0.5,EpsilonGreedy,0.5558
0.6000000000000001,0.5,UCB,0.595558
0.6000000000000001,0.5,ThompsonSampling,0.44595557999999996
0.6000000000000001,0.5,Greedy,0.6
0.6000000000000001,0.5,EpsilonGreedy,0.606
0.6000000000000001,0.5,UCB,0.59606
0.6000000000000001,0.5,ThompsonSampling,0.5359606
0.6000000000000001,0.5,Greedy,0.52
0.6000000000000001,0.5,EpsilonGreedy,0.5651999999999999
0.6000000000000001,0.5,UCB,0.565652
0.6000000000000001,0.5,ThompsonSampling,0.53565652
0.6000000000000001,0.6000000000000001,Greedy,0.55
0.6000000000000001,0.6000000000000001,EpsilonGreedy,0.5555
0.6000000000000001,0.6000000000000001,UCB,0.6655549999999999
0.6000000000000001,0.6000000000000001,ThompsonSampling,0.56665555
0.6000000000000001,0.6000000000000001,Greedy,0.61
0.6000000000000001,0.6000000000000001,EpsilonGreedy,0.5761
0.6000000000000001,0.6000000000000001,UCB,0.575761
0.6000000000000001,0.6000000000000001,ThompsonSampling,0.66575761
0.6000000000000001,0.6000000000000001,Greedy,0.58
0.6000000000000001,0.6000000000000001,EpsilonGreedy,0.6758
0.6000000000000001,0.6000000000000001,UCB,0.6167579999999999
0.6000000000000001,0.6000000000000001,ThompsonSampling,0.6461675800000001
0.6000000000000001,0.6000000000000001,Greedy,0.65
0.6000000000000001,0.6000000000000001,EpsilonGreedy,0.6265
0.6000000000000001,0.6000000000000001,UCB,0.646265
0.6000000000000001,0.6000000000000001,ThompsonSampling,0.63646265
0.6000000000000001,0.6000000000000001,Greedy,0.56
0.6000000000000001,0.6000000000000001,EpsilonGreedy,0.5456
0.6000000000000001,0.6000000000000001,UCB,0.615456
0.6000000000000001,0.6000000000000001,ThompsonSampling,0.52615456
0.6000000000000001,0.7000000000000001,Greedy,0.49
0.6000000000000001,0.7000000000000001,EpsilonGreedy,0.5449
0.6000000000000001,0.7000000000000001,UCB,0.625449
0.6000000000000001,0.7000000000000001,ThompsonSampling,0.68625449
0.6000000000000001,0.7000000000000001,Greedy,0.69
0.6000000000000001,0.7000000000000001,EpsilonGreedy,0.5669
0.6000000000000001,0.7000000000000001,UCB,0.6956690000000001
0.6000000000000001,0.7000000000000001,ThompsonSampling,0.6669566900000001
0.6000000000000001,0.7000000000000001,Greedy,0.65
0.6000000000000001,0.7000000000000001,EpsilonGreedy,0.7965000000000001
0.6000000000000001,0.7000000000000001,UCB,0.6979650000000001
0.6000000000000001,0.7000000000000001,ThompsonSampling,0.61697965
0.6000000000000001,0.7000000000000001,Greedy,0.6
0.6000000000000001,0.7000000000000001,EpsilonGreedy,0.736
0.6000000000000001,0.7000000000000001,UCB,0.6673600000000001
0.6000000000000001,0.7000000000000001,ThompsonSampling,0.6666736
0.6000000000000001,0.7000000000000001,Greedy,0.61
0.6000000000000001,0.7000000000000001,EpsilonGreedy,0.7061
0.6000000000000001,0.7000000000000001,UCB,0.747061
0.6000000000000001,0.7000000000000001,ThompsonSampling,0.63747061
0.6000000000000001,0.8,Greedy,0.6
0.6000000000000001,0.8,EpsilonGreedy,0.7659999999999999
0.6000000000000001,0.8,UCB,0.7476599999999999
0.6000000000000001,0.8,ThompsonSampling,0.7474765999999999
0.6000000000000001,0.8,Greedy,0.63
0.6000000000000001,0.8,EpsilonGreedy,0.7663
0.6000000000000001,0.8,UCB,0.7276630000000001
0.6000000000000001,0.8,ThompsonSampling,0.8172766300000001
0.6000000000000001,0.8,Greedy,0.64
0.6000000000000001,0.8,EpsilonGreedy,0.6764
0.6000000000000001,0.8,UCB,0.796764
0.6000000000000001,0.8,ThompsonSampling,0.79796764
0.6000000000000001,0.8,Greedy,0.65
0.6000000000000001,0.8,EpsilonGreedy,0.8065000000000001
0.6000000000000001,0.8,UCB,0.748065
0.6000000000000001,0.8,ThompsonSampling,0.73748065
0.6000000000000001,0.8,Greedy,0.59
0.6000000000000001,0.8,EpsilonGreedy,0.7259
0.6000000000000001,0.8,UCB,0.717259
0.6000000000000001,0.8,ThompsonSampling,0.73717259
0.6000000000000001,0.9,Greedy,0.47
0.6000000000000001,0.9,EpsilonGreedy,0.8946999999999999
0.6000000000000001,0.9,UCB,0.828947
0.6000000000000001,0.9,ThompsonSampling,0.85828947
0.6000000000000001,0.9,Greedy,0.64
0.6000000000000001,0.9,EpsilonGreedy,0.8264
0.6000000000000001,0.9,UCB,0.848264
0.6000000000000001,0.9,ThompsonSampling,0.89848264
0.6000000000000001,0.9,Greedy,0.64
0.6000000000000001,0.9,EpsilonGreedy,0.8364
0.6000000000000001,0.9,UCB,0.818364
0.6000000000000001,0.9,ThompsonSampling,0.83818364
0.6000000000000001,0.9,Greedy,0.64
0.6000000000000001,0.9,EpsilonGreedy,0.8064
0.6000000000000001,0.9,UCB,0.8480639999999999
0.6000000000000001,0.9,ThompsonSampling,0.8384806399999999
0.6000000000000001,0.9,Greedy,0.52
0.6000000000000001,0.9,EpsilonGreedy,0.5451999999999999
0.6000000000000001,0.9,UCB,0.8654519999999999
0.6000000000000001,0.9,ThompsonSampling,0.8586545200000001
0.7000000000000001,0.1,Greedy,0.64
0.7000000000000001,0.1,EpsilonGreedy,0.6064
0.7000000000000001,0.1,UCB,0.736064
0.7000000000000001,0.1,ThompsonSampling,0.6573606399999999
0.7000000000000001,0.1,Greedy,0.67
0.7000000000000001,0.1,EpsilonGreedy,0.6767
0.7000000000000001,0.1,UCB,0.626767
0.7000000000000001,0.1,ThompsonSampling,0.71626767
0.7000000000000001,0.1,Greedy,0.68
0.7000000000000001,0.1,EpsilonGreedy,0.6268
0.7000000000000001,0.1,UCB,0.756268
0.7000000000000001,0.1,ThompsonSampling,0.6375626799999999
0.7000000000000001,0.1,Greedy,0.58
0.7000000000000001,0.1,EpsilonGreedy,0.7458
0.7000000000000001,0.1,UCB,0.6374580000000001
0.7000000000000001,0.1,ThompsonSampling,0.51637458
0.7000000000000001,0.1,Greedy,0.8
0.7000000000000001,0.1,EpsilonGreedy,0.608
0.7000000000000001,0.1,UCB,0.69608
0.7000000000000001,0.1,ThompsonSampling,0.6669607999999999
0.7000000000000001,0.2,Greedy,0.75
0.7000000000000001,0.2,EpsilonGreedy,0.6075
0.7000000000000001,0.2,UCB,0.6360750000000001
0.7000000000000001,0.2,ThompsonSampling,0.7063607500000001
0.7000000000000001,0.2,Greedy,0.77
0.7000000000000001,0.2,EpsilonGreedy,0.6877
0.7000000000000001,0.2,UCB,0.6868770000000001
0.7000000000000001,0.2,ThompsonSampling,0.64686877
0.7000000000000001,0.2,Greedy,0.69
0.7000000000000001,0.2,EpsilonGreedy,0.5569
0.7000000000000001,0.2,UCB,0.685569
0.7000000000000001,0.2,ThompsonSampling,0.68685569
0.7000000000000001,0.2,Greedy,0.59
0.7000000000000001,0.2,EpsilonGreedy,0.6659
0.7000000000000001,0.2,UCB,0.596659
0.7000000000000001,0.2,ThompsonSampling,0.7059665900000001
0.7000000000000001,0.2,Greedy,0.68
0.7000000000000001,0.2,EpsilonGreedy,0.7268000000000001
0.7000000000000001,0.2,UCB,0.727268
0.7000000000000001,0.2,ThompsonSampling,0.6972726800000001
0.7000000000000001,0.30000000000000004,Greedy,0.72
0.7000000000000001,0.30000000000000004,EpsilonGreedy,0.6772
0.7000000000000001,0.30000000000000004,UCB,0.596772
0.7000000000000001,0.30000000000000004,ThompsonSampling,0.6959677200000001
0.7000000000000001,0.30000000000000004,Greedy,0.63
0.7000000000000001,0.30000000000000004,EpsilonGreedy,0.6862999999999999
0.7000000000000001,0.30000000000000004,UCB,0.656863
0.7000000000000001,0.30000000000000004,ThompsonSampling,0.51656863
0.7000000000000001,0.30000000000000004,Greedy,0.7
0.7000000000000001,0.30000000000000004,EpsilonGreedy,0.747
0.7000000000000001,0.30000000000000004,UCB,0.64747
0.7000000000000001,0.30000000000000004,ThompsonSampling,0.5964747
0.7000000000000001,0.30000000000000004,Greedy,0.7
0.7000000000000001,0.30000000000000004,EpsilonGreedy,0.657
0.7000000000000001,0.30000000000000004,UCB,0.63657
0.7000000000000001,0.30000000000000004,ThompsonSampling,0.7063657000000001
0.7000000000000001,0.30000000000000004,Greedy,0.68
0.7000000000000001,0.30000000000000004,EpsilonGreedy,0.6568
0.7000000000000001,0.30000000000000004,UCB,0.726568
0.7000000000000001,0.30000000000000004,ThompsonSampling,0.72726568
0.7000000000000001,0.4,Greedy,0.65
0.7000000000000001,0.4,EpsilonGreedy,0.6164999999999999
0.7000000000000001,0.4,UCB,0.706165
0.7000000000000001,0.4,ThompsonSampling,0.54706165
0.7000000000000001,0.4,Greedy,0.73
0.7000000000000001,0.4,EpsilonGreedy,0.6873
0.7000000000000001,0.4,UCB,0.686873
0.7000000000000001,0.4,ThompsonSampling,0.7368687299999999
0.7000000000000001,0.4,Greedy,0.7
0.7000000000000001,0.4,EpsilonGreedy,0.7070000000000001
0.7000000000000001,0.4,UCB,0.6670699999999999
0.7000000000000001,0.4,ThompsonSampling,0.7466706999999999
0.7000000000000001,0.4,Greedy,0.68
0.7000000000000001,0.4,EpsilonGreedy,0.7868
0.7000000000000001,0.4,UCB,0.617868
0.7000000000000001,0.4,ThompsonSampling,0.64617868
0.7000000000000001,0.4,Greedy,0.72
0.7000000000000001,0.4,EpsilonGreedy,0.6772
0.7000000000000001,0.4,UCB,0.636772
0.7000000000000001,0.4,ThompsonSampling,0.7363677200000001
0.7000000000000001,0.5,Greedy,0.72
0.7000000000000001,0.5,EpsilonGreedy,0.6772
0.7000000000000001,0.5,UCB,0.706772
0.7000000000000001,0.5,ThompsonSampling,0.73706772
0.7000000000000001,0.5,Greedy,0.73
0.7000000000000001,0.5,EpsilonGreedy,0.6573
0.7000000000000001,0.5,UCB,0.666573
0.7000000000000001,0.5,ThompsonSampling,0.65666573
0.7000000000000001,0.5,Greedy,0.63
0.7000000000000001,0.5,EpsilonGreedy,0.6862999999999999
0.7000000000000001,0.5,UCB,0.716863
0.7000000000000001,0.5,ThompsonSampling,0.7171686300000001
0.7000000000000001,0.5,Greedy,0.68
0.7000000000000001,0.5,EpsilonGreedy,0.7168000000000001
0.7000000000000001,0.5,UCB,0.6471680000000001
0.7000000000000001,0.5,ThompsonSampling,0.7164716799999999
0.7000000000000001,0.5,Greedy,0.73
0.7000000000000001,0.5,EpsilonGreedy,0.6173000000000001
0.7000000000000001,0.5,UCB,0.666173
0.7000000000000001,0.5,ThompsonSampling,0.76666173
0.7000000000000001,0.6000000000000001,Greedy,0.67
0.7000000000000001,0.6000000000000001,EpsilonGreedy,0.6467
0.7000000000000001,0.6000000000000001,UCB,0.606467
0.7000000000000001,0.6000000000000001,ThompsonSampling,0.6760646700000001
0.7000000000000001,0.6000000000000001,Greedy,0.74
0.7000000000000001,0.6000000000000001,EpsilonGreedy,0.6974000000000001
0.7000000000000001,0.6000000000000001,UCB,0.6569740000000001
0.7000000000000001,0.6000000000000001,ThompsonSampling,0.5765697399999999
0.7000000000000001,0.6000000000000001,Greedy,0.75
0.7000000000000001,0.6000000000000001,EpsilonGreedy,0.6875
0.7000000000000001,0.6000000000000001,UCB,0.646875
0.7000000000000001,0.6000000000000001,ThompsonSampling,0.7864687499999999
0.7000000000000001,0.6000000000000001,Greedy,0.69
0.7000000000000001,0.6000000000000001,EpsilonGreedy,0.6668999999999999
0.7000000000000001,0.6000000000000001,UCB,0.706669
0.7000000000000001,0.6000000000000001,ThompsonSampling,0.72706669
0.7000000000000001,0.6000000000000001,Greedy,0.7
0.7000000000000001,0.6000000000000001,EpsilonGreedy,0.657
0.7000000000000001,0.6000000000000001,UCB,0.62657
0.7000000000000001,0.6000000000000001,ThompsonSampling,0.6862657
0.7000000000000001,0.7000000000000001,Greedy,0.73
0.7000000000000001,0.7000000000000001,EpsilonGreedy,0.6873
0.7000000000000001,0.7000000000000001,UCB,0.7368729999999999
0.7000000000000001,0.7000000000000001,ThompsonSampling,0.72736873
0.7000000000000001,0.7000000000000001,Greedy,0.68
0.7000000000000001,0.7000000000000001,EpsilonGreedy,0.7368000000000001
0.7000000000000001,0.7000000000000001,UCB,0.607368
0.7000000000000001,0.7000000000000001,ThompsonSampling,0.6560736800000001
0.7000000000000001,0.7000000000000001,Greedy,0.73
0.7000000000000001,0.7000000000000001,EpsilonGreedy,0.6673
0.7000000000000001,0.7000000000000001,UCB,0.696673
0.7000000000000001,0.7000000000000001,ThompsonSampling,0.6869667300000001
0.7000000000000001,0.7000000000000001,Greedy,0.74
0.7000000000000001,0.7000000000000001,EpsilonGreedy,0.7074000000000001
0.7000000000000001,0.7000000000000001,UCB,0.7370740000000001
0.7000000000000001,0.7000000000000001,ThompsonSampling,0.6973707400000001
0.7000000000000001,0.7000000000000001,Greedy,0.68
0.7000000000000001,0.7000000000000001,EpsilonGreedy,0.7368000000000001
0.7000000000000001,0.7000000000000001,UCB,0.6573680000000001
0.7000000000000001,0.7000000000000001,ThompsonSampling,0.63657368
0.7000000000000001,0.8,Greedy,0.66
0.7000000000000001,0.8,EpsilonGreedy,0.7766
0.7000000000000001,0.8,UCB,0.797766
0.7000000000000001,0.8,ThompsonSampling,0.8079776599999999
0.7000000000000001,0.8,Greedy,0.7
0.7000000000000001,0.8,EpsilonGreedy,0.747
0.7000000000000001,0.8,UCB,0.81747
0.7000000000000001,0.8,ThompsonSampling,0.7681747
0.7000000000000001,0.8,Greedy,0.68
0.7000000000000001,0.8,EpsilonGreedy,0.6568
0.7000000000000001,0.8,UCB,0.8065680000000001
0.7000000000000001,0.8,ThompsonSampling,0.70806568
0.7000000000000001,0.8,Greedy,0.67
0.7000000000000001,0.8,EpsilonGreedy,0.7167
0.7000000000000001,0.8,UCB,0.737167
0.7000000000000001,0.8,ThompsonSampling,0.76737167
0.7000000000000001,0.8,Greedy,0.74
0.7000000000000001,0.8,EpsilonGreedy,0.7474000000000001
0.7000000000000001,0.8,UCB,0.797474
0.7000000000000001,0.8,ThompsonSampling,0.74797474
0.7000000000000001,0.9,Greedy,0.74
0.7000000000000001,0.9,EpsilonGreedy,0.8874000000000001
0.7000000000000001,0.9,UCB,0.898874
0.7000000000000001,0.9,ThompsonSampling,0.9289887400000001
0.7000000000000001,0.9,Greedy,0.71
0.7000000000000001,0.9,EpsilonGreedy,0.9271
0.7000000000000001,0.9,UCB,0.8792709999999999
0.7000000000000001,0.9,ThompsonSampling,0.83879271
0.7000000000000001,0.9,Greedy,0.7
0.7000000000000001,0.9,EpsilonGreedy,0.917
0.7000000000000001,0.9,UCB,0.82917
0.7000000000000001,0.9,ThompsonSampling,0.8982917
0.7000000000000001,0.9,Greedy,0.71
0.7000000000000001,0.9,EpsilonGreedy,0.9171
0.7000000000000001,0.9,UCB,0.9191710000000001
0.7000000000000001,0.9,ThompsonSampling,0.84919171
0.7000000000000001,0.9,Greedy,0.68
0.7000000000000001,0.9,EpsilonGreedy,0.7668
0.7000000000000001,0.9,UCB,0.8276680000000001
0.7000000000000001,0.9,ThompsonSampling,0.89827668
0.8,0.1,Greedy,0.78
0.8,0.1,EpsilonGreedy,0.7678
0.8,0.1,UCB,0.7176779999999999
0.8,0.1,ThompsonSampling,0.81717678
0.8,0.1,Greedy,0.82
0.8,0.1,EpsilonGreedy,0.7781999999999999
0.8,0.1,UCB,0.817782
0.8,0.1,ThompsonSampling,0.7881778199999999
0.8,0.1,Greedy,0.83
0.8,0.1,EpsilonGreedy,0.7082999999999999
0.8,0.1,UCB,0.7870830000000001
0.8,0.1,ThompsonSampling,0.7978708299999999
0.8,0.1,Greedy,0.77
0.8,0.1,EpsilonGreedy,0.7777
0.8,0.1,UCB,0.807777
0.8,0.1,ThompsonSampling,0.79807777
0.8,0.1,Greedy,0.8
0.8,0.1,EpsilonGreedy,0.818
0.8,0.1,UCB,0.70818
0.8,0.1,ThompsonSampling,0.8470818
0.8,0.2,Greedy,0.8
0.8,0.2,EpsilonGreedy,0.8079999999999999
0.8,0.2,UCB,0.8280799999999999
0.8,0.2,ThompsonSampling,0.8382808
0.8,0.2,Greedy,0.75
0.8,0.2,EpsilonGreedy,0.8275
0.8,0.2,UCB,0.838275
0.8,0.2,ThompsonSampling,0.7883827499999999
0.8,0.2,Greedy,0.81
0.8,0.2,EpsilonGreedy,0.8081
0.8,0.2,UCB,0.728081
0.8,0.2,ThompsonSampling,0.73728081
0.8,0.2,Greedy,0.84
0.8,0.2,EpsilonGreedy,0.8184
0.8,0.2,UCB,0.778184
0.8,0.2,ThompsonSampling,0.83778184
0.8,0.2,Greedy,0.76
0.8,0.2,EpsilonGreedy,0.8175999999999999
0.8,0.2,UCB,0.768176
0.8,0.2,ThompsonSampling,0.6876817599999999
0.8,0.30000000000000004,Greedy,0.85
0.8,0.30000000000000004,EpsilonGreedy,0.8085
0.8,0.30000000000000004,UCB,0.7780850000000001
0.8,0.30000000000000004,ThompsonSampling,0.83778085
0.8,0.30000000000000004,Greedy,0.84
0.8,0.30000000000000004,EpsilonGreedy,0.7584000000000001
0.8,0.30000000000000004,UCB,0.7775839999999999
0.8,0.30000000000000004,ThompsonSampling,0.77777584
0.8,0.30000000000000004,Greedy,0.76
0.8,0.30000000000000004,EpsilonGreedy,0.8475999999999999
0.8,0.30000000000000004,UCB,0.778476
0.8,0.30000000000000004,ThompsonSampling,0.76778476
0.8,0.30000000000000004,Greedy,0.81
0.8,0.30000000000000004,EpsilonGreedy,0.7381
0.8,0.30000000000000004,UCB,0.777381
0.8,0.30000000000000004,ThompsonSampling,0.8577738099999999
0.8,0.30000000000000004,Greedy,0.78
0.8,0.30000000000000004,EpsilonGreedy,0.8178
0.8,0.30000000000000004,UCB,0.7281780000000001
0.8,0.30000000000000004,ThompsonSampling,0.76728178
0.8,0.4,Greedy,0.68
0.8,0.4,EpsilonGreedy,0.8168000000000001
0.8,0.4,UCB,0.778168
0.8,0.4,ThompsonSampling,0.85778168
0.8,0.4,Greedy,0.73
0.8,0.4,EpsilonGreedy,0.8373
0.8,0.4,UCB,0.818373
0.8,0.4,ThompsonSampling,0.8181837300000001
0.8,0.4,Greedy,0.77
0.8,0.4,EpsilonGreedy,0.7877
0.8,0.4,UCB,0.787877
0.8,0.4,ThompsonSampling,0.76787877
0.8,0.4,Greedy,0.82
0.8,0.4,EpsilonGreedy,0.7981999999999999
0.8,0.4,UCB,0.8079820000000001
0.8,0.4,ThompsonSampling,0.75807982
0.8,0.4,Greedy,0.89
0.8,0.4,EpsilonGreedy,0.8289
0.8,0.4,UCB,0.7382890000000001
0.8,0.4,ThompsonSampling,0.7373828900000001
0.8,0.5,Greedy,0.77
0.8,0.5,EpsilonGreedy,0.7476999999999999
0.8,0.5,UCB,0.7774770000000001
0.8,0.5,ThompsonSampling,0.73777477
0.8,0.5,Greedy,0.84
0.8,0.5,EpsilonGreedy,0.7684000000000001
0.8,0.5,UCB,0.677684
0.8,0.5,ThompsonSampling,0.79677684
0.8,0.5,Greedy,0.77
0.8,0.5,EpsilonGreedy,0.7376999999999999
0.8,0.5,UCB,0.7573770000000001
0.8,0.5,ThompsonSampling,0.7675737699999999
0.8,0.5,Greedy,0.79
0.8,0.5,EpsilonGreedy,0.7978999999999999
0.8,0.5,UCB,0.7279789999999999
0.8,0.5,ThompsonSampling,0.8172797900000001
0.8,0.5,Greedy,0.74
0.8,0.5,EpsilonGreedy,0.7474000000000001
0.8,0.5,UCB,0.807474
0.8,0.5,ThompsonSampling,0.74807474
0.8,0.6000000000000001,Greedy,0.79
0.8,0.6000000000000001,EpsilonGreedy,0.7578999999999999
0.8,0.6000000000000001,UCB,0.7275790000000001
0.8,0.6000000000000001,ThompsonSampling,0.7972757899999999
0.8,0.6000000000000001,Greedy,0.8
0.8,0.6000000000000001,EpsilonGreedy,0.758
0.8,0.6000000000000001,UCB,0.82758
0.8,0.6000000000000001,ThompsonSampling,0.7982758
0.8,0.6000000000000001,Greedy,0.77
0.8,0.6000000000000001,EpsilonGreedy,0.7676999999999999
0.8,0.6000000000000001,UCB,0.7476769999999999
0.8,0.6000000000000001,ThompsonSampling,0.7774767699999999
0.8,0.6000000000000001,Greedy,0.82
0.8,0.6000000000000001,EpsilonGreedy,0.7981999999999999
0.8,0.6000000000000001,UCB,0.767982
0.8,0.6000000000000001,ThompsonSampling,0.75767982
0.8,0.6000000000000001,Greedy,0.79
0.8,0.6000000000000001,EpsilonGreedy,0.8279
0.8,0.6000000000000001,UCB,0.748279
0.8,0.6000000000000001,ThompsonSampling,0.8374827899999999
0.8,0.7000000000000001,Greedy,0.83
0.8,0.7000000000000001,EpsilonGreedy,0.8083
0.8,0.7000000000000001,UCB,0.6480830000000001
0.8,0.7000000000000001,ThompsonSampling,0.71648083
0.8,0.7000000000000001,Greedy,0.79
0.8,0.7000000000000001,EpsilonGreedy,0.8478999999999999
0.8,0.7000000000000001,UCB,0.7884789999999999
0.8,0.7000000000000001,ThompsonSampling,0.76788479
0.8,0.7000000000000001,Greedy,0.8
0.8,0.7000000000000001,EpsilonGreedy,0.778
0.8,0.7000000000000001,UCB,0.7677799999999999
0.8,0.7000000000000001,ThompsonSampling,0.7476778000000001
0.8,0.7000000000000001,Greedy,0.78
0.8,0.7000000000000001,EpsilonGreedy,0.7478
0.8,0.7000000000000001,UCB,0.8174779999999999
0.8,0.7000000000000001,ThompsonSampling,0.81817478
0.8,0.7000000000000001,Greedy,0.73
0.8,0.7000000000000001,EpsilonGreedy,0.7873
0.8,0.7000000000000001,UCB,0.8178730000000001
0.8,0.7000000000000001,ThompsonSampling,0.7681787299999999
0.8,0.8,Greedy,0.7
0.8,0.8,EpsilonGreedy,0.8170000000000001
0.8,0.8,UCB,0.7581700000000001
0.8,0.8,ThompsonSampling,0.8575817000000001
0.8,0.8,Greedy,0.85
0.8,0.8,EpsilonGreedy,0.7885
0.8,0.8,UCB,0.767885
0.8,0.8,ThompsonSampling,0.79767885
0.8,0.8,Greedy,0.72
0.8,0.8,EpsilonGreedy,0.8172
0.8,0.8,UCB,0.818172
0.8,0.8,ThompsonSampling,0.80818172
0.8,0.8,Greedy,0.86
0.8,0.8,EpsilonGreedy,0.7886
0.8,0.8,UCB,0.807886
0.8,0.8,ThompsonSampling,0.7780788599999999
0.8,0.8,Greedy,0.84
0.8,0.8,EpsilonGreedy,0.7984
0.8,0.8,UCB,0.817984
0.8,0.8,ThompsonSampling,0.8581798399999999
0.8,0.9,Greedy,0.86
0.8,0.9,EpsilonGreedy,0.9386
0.8,0.9,UCB,0.8693860000000001
0.8,0.9,ThompsonSampling,0.8586938599999999
0.8,0.9,Greedy,0.83
0.8,0.9,EpsilonGreedy,0.8083
0.8,0.9,UCB,0.868083
0.8,0.9,ThompsonSampling,0.89868083
0.8,0.9,Greedy,0.87
0.8,0.9,EpsilonGreedy,0.9287000000000001
0.8,0.9,UCB,0.8492869999999999
0.8,0.9,ThompsonSampling,0.93849287
0.8,0.9,Greedy,0.79
0.8,0.9,EpsilonGreedy,0.8878999999999999
0.8,0.9,UCB,0.878879
0.8,0.9,ThompsonSampling,0.86878879
0.8,0.9,Greedy,0.77
0.8,0.9,EpsilonGreedy,0.8576999999999999
0.8,0.9,UCB,0.898577
0.8,0.9,ThompsonSampling,0.87898577
0.9,0.1,Greedy,0.87
0.9,0.1,EpsilonGreedy,0.8187000000000001
0.9,0.1,UCB,0.878187
0.9,0.1,ThompsonSampling,0.92878187
0.9,0.1,Greedy,0.94
0.9,0.1,EpsilonGreedy,0.8294
0.9,0.1,UCB,0.9082939999999999
0.9,0.1,ThompsonSampling,0.86908294
0.9,0.1,Greedy,0.89
0.9,0.1,EpsilonGreedy,0.8789
0.9,0.1,UCB,0.918789
0.9,0.1,ThompsonSampling,0.8591878900000001
0.9,0.1,Greedy,0.94
0.9,0.1,EpsilonGreedy,0.8894
0.9,0.1,UCB,0.908894
0.9,0.1,ThompsonSampling,0.85908894
0.9,0.1,Greedy,0.9
0.9,0.1,EpsilonGreedy,0.889
0.9,0.1,UCB,0.8488899999999999
0.9,0.1,ThompsonSampling,0.9184888999999999
0.9,0.2,Greedy,0.88
0.9,0.2,EpsilonGreedy,0.8288
0.9,0.2,UCB,0.848288
0.9,0.2,ThompsonSampling,0.8384828799999999
0.9,0.2,Greedy,0.91
0.9,0.2,EpsilonGreedy,0.8591
0.9,0.2,UCB,0.888591
0.9,0.2,ThompsonSampling,0.9188859099999999
0.9,0.2,Greedy,0.92
0.9,0.2,EpsilonGreedy,0.8592
0.9,0.2,UCB,0.878592
0.9,0.2,ThompsonSampling,0.83878592
0.9,0.2,Greedy,0.92
0.9,0.2,EpsilonGreedy,0.8992
0.9,0.2,UCB,0.8789920000000001
0.9,0.2,ThompsonSampling,0.87878992
0.9,0.2,Greedy,0.92
0.9,0.2,EpsilonGreedy,0.8392000000000001
0.9,0.2,UCB,0.7783920000000001
0.9,0.2,ThompsonSampling,0.93778392
0.9,0.30000000000000004,Greedy,0.89
0.9,0.30000000000000004,EpsilonGreedy,0.9089
0.9,0.30000000000000004,UCB,0.8290890000000001
0.9,0.30000000000000004,ThompsonSampling,0.8682908899999999
0.9,0.30000000000000004,Greedy,0.88
0.9,0.30000000000000004,EpsilonGreedy,0.9388
0.9,0.30000000000000004,UCB,0.889388
0.9,0.30000000000000004,ThompsonSampling,0.84889388
0.9,0.30000000000000004,Greedy,0.81
0.9,0.30000000000000004,EpsilonGreedy,0.8781
0.9,0.30000000000000004,UCB,0.818781
0.9,0.30000000000000004,ThompsonSampling,0.86818781
0.9,0.30000000000000004,Greedy,0.89
0.9,0.30000000000000004,EpsilonGreedy,0.8789
0.9,0.30000000000000004,UCB,0.958789
0.9,0.30000000000000004,ThompsonSampling,0.8895878899999999
0.9,0.30000000000000004,Greedy,0.97
0.9,0.30000000000000004,EpsilonGreedy,0.8497
0.9,0.30000000000000004,UCB,0.888497
0.9,0.30000000000000004,ThompsonSampling,0.84888497
0.9,0.4,Greedy,0.83
0.9,0.4,EpsilonGreedy,0.8583
0.9,0.4,UCB,0.848583
0.9,0.4,ThompsonSampling,0.92848583
0.9,0.4,Greedy,0.88
0.9,0.4,EpsilonGreedy,0.8687999999999999
0.9,0.4,UCB,0.8686879999999999
0.9,0.4,ThompsonSampling,0.9186868799999999
0.9,0.4,Greedy,0.9
0.9,0.4,EpsilonGreedy,0.879
0.9,0.4,UCB,0.7887899999999999
0.9,0.4,ThompsonSampling,0.9378879000000001
0.9,0.4,Greedy,0.91
0.9,0.4,EpsilonGreedy,0.9190999999999999
0.9,0.4,UCB,0.839191
0.9,0.4,ThompsonSampling,0.85839191
0.9,0.4,Greedy,0.92
0.9,0.4,EpsilonGreedy,0.9092
0.9,0.4,UCB,0.879092
0.9,0.4,ThompsonSampling,0.86879092
0.9,0.5,Greedy,0.89
0.9,0.5,EpsilonGreedy,0.8789
0.9,0.5,UCB,0.848789
0.9,0.5,ThompsonSampling,0.92848789
0.9,0.5,Greedy,0.94
0.9,0.5,EpsilonGreedy,0.8593999999999999
0.9,0.5,UCB,0.8885939999999999
0.9,0.5,ThompsonSampling,0.87888594
0.9,0.5,Greedy,0.9
0.9,0.5,EpsilonGreedy,0.8690000000000001
0.9,0.5,UCB,0.76869
0.9,0.5,ThompsonSampling,0.9176869
0.9,0.5,Greedy,0.94
0.9,0.5,EpsilonGreedy,0.9394
0.9,0.5,UCB,0.919394
0.9,0.5,ThompsonSampling,0.91919394
0.9,0.5,Greedy,0.86
0.9,0.5,EpsilonGreedy,0.8886
0.9,0.5,UCB,0.888886
0.9,0.5,ThompsonSampling,0.91888886
0.9,0.6000000000000001,Greedy,0.92
0.9,0.6000000000000001,EpsilonGreedy,0.9092
0.9,0.6000000000000001,UCB,0.929092
0.9,0.6000000000000001,ThompsonSampling,0.84929092
0.9,0.6000000000000001,Greedy,0.92
0.9,0.6000000000000001,EpsilonGreedy,0.8892
0.9,0.6000000000000001,UCB,0.868892
0.9,0.6000000000000001,ThompsonSampling,0.86868892
0.9,0.6000000000000001,Greedy,0.88
0.9,0.6000000000000001,EpsilonGreedy,0.8488
0.9,0.6000000000000001,UCB,0.908488
0.9,0.6000000000000001,ThompsonSampling,0.8790848800000001
0.9,0.6000000000000001,Greedy,0.87
0.9,0.6000000000000001,EpsilonGreedy,0.8787
0.9,0.6000000000000001,UCB,0.8587870000000001
0.9,0.6000000000000001,ThompsonSampling,0.86858787
0.9,0.6000000000000001,Greedy,0.87
0.9,0.6000000000000001,EpsilonGreedy,0.9187000000000001
0.9,0.6000000000000001,UCB,0.829187
0.9,0.6000000000000001,ThompsonSampling,0.95829187
0.9,0.7000000000000001,Greedy,0.87
0.9,0.7000000000000001,EpsilonGreedy,0.8387
0.9,0.7000000000000001,UCB,0.898387
0.9,0.7000000000000001,ThompsonSampling,0.86898387
0.9,0.7000000000000001,Greedy,0.88
0.9,0.7000000000000001,EpsilonGreedy,0.9188
0.9,0.7000000000000001,UCB,0.8991880000000001
0.9,0.7000000000000001,ThompsonSampling,0.8789918800000001
0.9,0.7000000000000001,Greedy,0.89
0.9,0.7000000000000001,EpsilonGreedy,0.8889
0.9,0.7000000000000001,UCB,0.8288890000000001
0.9,0.7000000000000001,ThompsonSampling,0.8582888900000001
0.9,0.7000000000000001,Greedy,0.87
0.9,0.7000000000000001,EpsilonGreedy,0.9087000000000001
0.9,0.7000000000000001,UCB,0.889087
0.9,0.7000000000000001,ThompsonSampling,0.87889087
0.9,0.7000000000000001,Greedy,0.89
0.9,0.7000000000000001,EpsilonGreedy,0.8689
0.9,0.7000000000000001,UCB,0.788689
0.9,0.7000000000000001,ThompsonSampling,0.83788689
0.9,0.8,Greedy,0.87
0.9,0.8,EpsilonGreedy,0.9387000000000001
0.9,0.8,UCB,0.869387
0.9,0.8,ThompsonSampling,0.9586938700000001
0.9,0.8,Greedy,0.93
0.9,0.8,EpsilonGreedy,0.7793000000000001
0.9,0.8,UCB,0.887793
0.9,0.8,ThompsonSampling,0.9188779300000001
0.9,0.8,Greedy,0.94
0.9,0.8,EpsilonGreedy,0.9094
0.9,0.8,UCB,0.879094
0.9,0.8,ThompsonSampling,0.9187909400000001
0.9,0.8,Greedy,0.9
0.9,0.8,EpsilonGreedy,0.919
0.9,0.8,UCB,0.9091899999999999
0.9,0.8,ThompsonSampling,0.8990918999999999
0.9,0.8,Greedy,0.89
0.9,0.8,EpsilonGreedy,0.9189
0.9,0.8,UCB,0.919189
0.9,0.8,ThompsonSampling,0.88919189
0.9,0.9,Greedy,0.94
0.9,0.9,EpsilonGreedy,0.9194
0.9,0.9,UCB,0.8991939999999999
0.9,0.9,ThompsonSampling,0.8889919399999999
0.9,0.9,Greedy,0.87
0.9,0.9,EpsilonGreedy,0.8487
0.9,0.9,UCB,0.9284870000000001
0.9,0.9,ThompsonSampling,0.89928487
0.9,0.9,Greedy,0.91
0.9,0.9,EpsilonGreedy,0.9290999999999999
0.9,0.9,UCB,0.9392910000000001
0.9,0.9,ThompsonSampling,0.92939291
0.9,0.9,Greedy,0.91
0.9,0.9,EpsilonGreedy,0.9390999999999999
0.9,0.9,UCB,0.949391
0.9,0.9,ThompsonSampling,0.9194939099999999
0.9,0.9,Greedy,0.9
0.9,0.9,EpsilonGreedy,0.879
0.9,0.9,UCB,0.87879
0.9,0.9,ThompsonSampling,0.8987879000000001
